student_id,math,physics,history,literature,art
0,13.0,12.0,14.0,17.0,14.0
1,18.0,17.0,17.0,16.0,15.0
2,15.0,12.0,15.0,11.0,13.0
3,14.0,11.0,13.0,11.0,12.0
4,11.0,10.0,18.0,16.0,17.0
5,12.0,10.0,14.0,12.0,13.0
6,19.0,18.0,16.0,14.0,17.0
7,16.0,15.0,11.0,9.0,19.0
8,14.0,11.0,16.0,16.0,17.0
9,16.0,12.0,13.0,13.0,11.0
10,12.0,12.0,13.0,14.0,16.0
11,10.0,10.0,14.0,15.0,16.0
12,14.0,14.0,13.0,11.0,17.0
13,12.0,10.0,17.0,18.0,14.0
14,18.0,14.0,15.0,19.0,18.0
15,14.0,10.0,15.0,16.0,17.0
16,16.0,14.0,16.0,15.0,12.0
17,17.0,16.0,15.0,14.0,15.0
18,16.0,14.0,15.0,15.0,18.0
19,18.0,16.0,12.0,11.0,13.0
20,16.0,14.0,11.0,9.0,13.0
21,17.0,16.0,17.0,18.0,18.0
22,18.0,16.0,8.0,12.0,12.0
23,13.0,13.0,12.0,15.0,18.0
24,10.0,11.0,17.0,14.0,11.0
25,8.0,7.0,16.0,17.0,18.0
26,18.0,15.0,9.0,10.0,16.0
27,10.0,8.0,15.0,17.0,17.0
28,16.0,15.0,14.0,15.0,20.0
29,9.0,9.0,12.0,13.0,17.0
30,14.0,13.0,14.0,15.0,17.0
31,19.0,19.0,17.0,14.0,16.0
32,17.0,17.0,15.0,13.0,12.0
33,16.0,14.0,18.0,17.0,12.0
34,14.0,13.0,11.0,11.0,13.0
35,11.0,14.0,17.0,17.0,13.0
36,11.0,10.0,12.0,14.0,17.0
37,15.0,12.0,17.0,15.0,17.0
38,17.0,16.0,16.0,13.0,15.0
39,12.0,10.0,14.0,14.0,14.0
40,16.0,13.0,16.0,18.0,13.0
41,15.0,19.0,13.0,13.0,13.0
42,16.0,14.0,17.0,18.0,15.0
43,11.0,10.0,15.0,14.0,15.0
44,6.0,5.0,18.0,16.0,14.0
45,11.0,11.0,16.0,15.0,19.0
46,14.0,16.0,13.0,12.0,14.0
47,8.0,8.0,13.0,12.0,12.0
48,16.0,13.0,12.0,13.0,12.0
49,13.0,13.0,10.0,14.0,15.0
50,20.0,17.0,14.0,15.0,9.0
51,17.0,17.0,13.0,15.0,18.0
52,15.0,13.0,9.0,8.0,20.0
53,20.0,18.0,13.0,12.0,19.0
54,9.0,7.0,16.0,16.0,12.0
55,14.0,12.0,14.0,15.0,17.0
56,14.0,16.0,18.0,15.0,12.0
57,18.0,16.0,10.0,10.0,11.0
58,13.0,12.0,11.0,13.0,15.0
59,17.0,17.0,13.0,15.0,15.0
60,15.0,14.0,12.0,12.0,11.0
61,17.0,15.0,15.0,16.0,18.0
62,16.0,17.0,15.0,16.0,14.0
63,15.0,14.0,14.0,15.0,17.0
64,16.0,13.0,12.0,16.0,18.0
65,19.0,18.0,13.0,14.0,13.0
66,11.0,12.0,13.0,12.0,14.0
67,13.0,11.0,12.0,13.0,14.0
68,17.0,15.0,13.0,12.0,14.0
69,10.0,9.0,12.0,11.0,17.0
70,17.0,16.0,18.0,17.0,16.0
71,17.0,14.0,11.0,12.0,14.0
72,16.0,16.0,17.0,18.0,18.0
73,16.0,14.0,13.0,13.0,15.0
74,14.0,16.0,15.0,17.0,12.0
75,18.0,16.0,12.0,16.0,15.0
76,15.0,12.0,10.0,9.0,18.0
77,15.0,14.0,16.0,17.0,11.0
78,16.0,16.0,10.0,13.0,18.0
79,11.0,12.0,12.0,11.0,9.0
80,16.0,14.0,10.0,10.0,12.0
81,10.0,10.0,14.0,14.0,15.0
82,10.0,9.0,11.0,14.0,18.0
83,19.0,18.0,14.0,16.0,16.0
84,13.0,13.0,19.0,20.0,20.0
85,11.0,8.0,15.0,17.0,14.0
86,11.0,12.0,8.0,9.0,11.0
87,17.0,16.0,16.0,14.0,20.0
88,14.0,11.0,13.0,13.0,20.0
89,14.0,12.0,15.0,15.0,19.0
90,16.0,14.0,14.0,15.0,19.0
91,16.0,13.0,12.0,11.0,16.0
92,10.0,9.0,17.0,18.0,19.0
93,16.0,14.0,16.0,14.0,14.0
94,8.0,10.0,7.0,10.0,15.0
95,15.0,16.0,12.0,17.0,14.0
96,12.0,10.0,11.0,11.0,17.0
97,15.0,15.0,7.0,11.0,15.0
98,16.0,17.0,17.0,15.0,17.0
99,12.0,9.0,14.0,13.0,15.0
100,16.0,14.0,16.0,18.0,20.0
101,14.0,12.0,11.0,11.0,16.0
102,14.0,12.0,15.0,13.0,16.0
103,13.0,13.0,15.0,16.0,19.0
104,19.0,16.0,10.0,11.0,15.0
105,15.0,12.0,8.0,8.0,10.0
106,10.0,8.0,14.0,12.0,14.0
107,12.0,11.0,12.0,14.0,15.0
108,12.0,8.0,13.0,16.0,13.0
109,17.0,15.0,13.0,13.0,15.0
110,14.0,13.0,15.0,15.0,12.0
111,14.0,12.0,12.0,12.0,15.0
112,17.0,18.0,19.0,18.0,16.0
113,10.0,9.0,11.0,8.0,14.0
114,17.0,17.0,17.0,16.0,17.0
115,18.0,18.0,12.0,8.0,11.0
116,13.0,12.0,13.0,17.0,13.0
117,13.0,11.0,12.0,14.0,17.0
118,12.0,13.0,14.0,14.0,13.0
119,14.0,13.0,12.0,11.0,16.0
120,10.0,10.0,14.0,16.0,12.0
121,7.0,9.0,17.0,15.0,20.0
122,11.0,14.0,17.0,15.0,15.0
123,14.0,13.0,15.0,16.0,13.0
124,16.0,17.0,14.0,16.0,10.0
125,12.0,13.0,11.0,11.0,13.0
126,20.0,18.0,13.0,12.0,15.0
127,20.0,17.0,13.0,10.0,14.0
128,18.0,17.0,17.0,14.0,18.0
129,8.0,8.0,10.0,9.0,11.0
130,11.0,14.0,20.0,19.0,20.0
131,14.0,13.0,14.0,14.0,15.0
132,14.0,12.0,13.0,11.0,14.0
133,13.0,13.0,18.0,13.0,11.0
134,8.0,5.0,14.0,13.0,14.0
135,13.0,14.0,12.0,13.0,8.0
136,11.0,8.0,13.0,14.0,15.0
137,12.0,11.0,14.0,16.0,16.0
138,17.0,16.0,13.0,14.0,19.0
139,15.0,14.0,12.0,14.0,18.0
140,18.0,15.0,15.0,12.0,18.0
141,9.0,11.0,17.0,13.0,10.0
142,13.0,12.0,13.0,14.0,16.0
143,12.0,11.0,17.0,16.0,16.0
144,9.0,9.0,10.0,12.0,16.0
145,15.0,13.0,15.0,13.0,14.0
146,11.0,11.0,15.0,12.0,13.0
147,13.0,14.0,15.0,18.0,13.0
148,15.0,14.0,8.0,7.0,12.0
149,17.0,13.0,13.0,11.0,16.0
150,14.0,11.0,8.0,10.0,14.0
151,9.0,10.0,20.0,20.0,19.0
152,15.0,16.0,16.0,15.0,8.0
153,14.0,16.0,15.0,13.0,10.0
154,11.0,11.0,14.0,16.0,13.0
155,15.0,15.0,10.0,9.0,12.0
156,11.0,10.0,12.0,13.0,12.0
157,15.0,12.0,18.0,18.0,17.0
158,14.0,12.0,17.0,14.0,15.0
159,12.0,11.0,17.0,17.0,15.0
160,11.0,10.0,16.0,15.0,15.0
161,16.0,13.0,12.0,14.0,16.0
162,13.0,14.0,14.0,14.0,11.0
163,17.0,17.0,12.0,12.0,11.0
164,19.0,17.0,18.0,16.0,11.0
165,14.0,13.0,19.0,19.0,20.0
166,15.0,13.0,10.0,8.0,14.0
167,17.0,15.0,14.0,17.0,20.0
168,15.0,14.0,13.0,14.0,19.0
169,14.0,13.0,19.0,17.0,10.0
170,13.0,14.0,10.0,12.0,15.0
171,13.0,13.0,13.0,11.0,12.0
172,11.0,10.0,12.0,15.0,9.0
173,14.0,16.0,13.0,14.0,14.0
174,12.0,11.0,12.0,11.0,17.0
175,9.0,10.0,17.0,18.0,16.0
176,7.0,8.0,17.0,20.0,19.0
177,11.0,12.0,17.0,19.0,19.0
178,13.0,14.0,16.0,19.0,14.0
179,13.0,11.0,14.0,17.0,15.0
180,12.0,12.0,13.0,16.0,15.0
181,10.0,12.0,12.0,13.0,11.0
182,15.0,14.0,12.0,15.0,14.0
183,15.0,14.0,16.0,15.0,16.0
184,9.0,10.0,16.0,14.0,15.0
185,16.0,15.0,9.0,11.0,11.0
186,18.0,18.0,16.0,12.0,20.0
187,13.0,12.0,12.0,12.0,11.0
188,17.0,19.0,13.0,13.0,13.0
189,13.0,12.0,9.0,9.0,13.0
190,15.0,14.0,11.0,14.0,18.0
191,12.0,12.0,17.0,18.0,16.0
192,16.0,15.0,17.0,18.0,17.0
193,11.0,9.0,18.0,18.0,11.0
194,13.0,11.0,15.0,13.0,12.0
195,16.0,15.0,8.0,5.0,18.0
196,13.0,12.0,15.0,16.0,19.0
197,20.0,18.0,15.0,14.0,14.0
198,10.0,8.0,12.0,11.0,13.0
199,18.0,18.0,17.0,16.0,16.0
200,13.0,13.0,19.0,18.0,18.0
201,16.0,14.0,16.0,18.0,15.0
202,11.0,13.0,20.0,18.0,12.0
203,12.0,11.0,13.0,13.0,16.0
204,11.0,12.0,12.0,16.0,15.0
205,14.0,12.0,14.0,16.0,15.0
206,11.0,10.0,11.0,12.0,11.0
207,7.0,8.0,14.0,15.0,19.0
208,10.0,9.0,18.0,18.0,14.0
209,12.0,13.0,13.0,17.0,20.0
210,17.0,15.0,14.0,14.0,14.0
211,16.0,14.0,13.0,14.0,11.0
212,7.0,6.0,15.0,11.0,9.0
213,13.0,13.0,12.0,10.0,9.0
214,14.0,15.0,16.0,13.0,16.0
215,11.0,11.0,9.0,12.0,13.0
216,14.0,13.0,10.0,14.0,15.0
217,15.0,14.0,17.0,16.0,17.0
218,14.0,14.0,15.0,14.0,13.0
219,14.0,13.0,11.0,13.0,20.0
220,6.0,7.0,14.0,14.0,7.0
221,16.0,17.0,12.0,11.0,17.0
222,15.0,14.0,14.0,15.0,13.0
223,18.0,18.0,18.0,18.0,19.0
224,13.0,15.0,20.0,18.0,17.0
225,17.0,16.0,11.0,11.0,16.0
226,15.0,14.0,17.0,17.0,12.0
227,14.0,14.0,16.0,17.0,20.0
228,18.0,16.0,15.0,15.0,17.0
229,12.0,10.0,9.0,13.0,17.0
230,10.0,11.0,10.0,7.0,12.0
231,11.0,10.0,17.0,18.0,10.0
232,20.0,20.0,12.0,9.0,19.0
233,12.0,12.0,20.0,20.0,19.0
234,14.0,12.0,16.0,16.0,16.0
235,12.0,9.0,12.0,10.0,12.0
236,17.0,15.0,19.0,16.0,15.0
237,11.0,9.0,14.0,15.0,15.0
238,12.0,9.0,11.0,12.0,15.0
239,12.0,13.0,15.0,16.0,14.0
240,13.0,12.0,13.0,14.0,14.0
241,11.0,13.0,14.0,11.0,16.0
242,15.0,13.0,9.0,10.0,14.0
243,9.0,11.0,17.0,15.0,15.0
244,17.0,16.0,12.0,13.0,12.0
245,13.0,15.0,13.0,15.0,15.0
246,13.0,11.0,8.0,13.0,12.0
247,13.0,15.0,18.0,20.0,20.0
248,15.0,13.0,13.0,11.0,16.0
249,17.0,14.0,11.0,11.0,15.0
250,14.0,14.0,13.0,15.0,20.0
251,20.0,19.0,15.0,13.0,15.0
252,13.0,12.0,17.0,15.0,15.0
253,16.0,16.0,11.0,9.0,15.0
254,12.0,13.0,16.0,16.0,20.0
255,19.0,17.0,18.0,18.0,18.0
256,14.0,12.0,14.0,16.0,13.0
257,14.0,10.0,11.0,8.0,9.0
258,18.0,17.0,17.0,19.0,19.0
259,16.0,15.0,14.0,15.0,17.0
260,17.0,17.0,15.0,13.0,16.0
261,16.0,15.0,11.0,13.0,14.0
262,16.0,15.0,16.0,17.0,13.0
263,14.0,13.0,10.0,9.0,13.0
264,15.0,14.0,14.0,15.0,16.0
265,16.0,15.0,10.0,7.0,12.0
266,13.0,13.0,17.0,20.0,19.0
267,13.0,12.0,13.0,12.0,14.0
268,13.0,14.0,14.0,16.0,14.0
269,12.0,10.0,10.0,6.0,7.0
270,13.0,11.0,9.0,10.0,9.0
271,18.0,17.0,10.0,6.0,10.0
272,14.0,15.0,16.0,14.0,16.0
273,15.0,12.0,13.0,12.0,17.0
274,17.0,17.0,16.0,13.0,20.0
275,12.0,14.0,14.0,13.0,11.0
276,11.0,12.0,18.0,16.0,10.0
277,17.0,15.0,18.0,18.0,13.0
278,12.0,11.0,16.0,16.0,10.0
279,11.0,9.0,10.0,13.0,15.0
280,17.0,17.0,13.0,14.0,11.0
281,13.0,12.0,13.0,11.0,8.0
282,13.0,11.0,16.0,20.0,16.0
283,12.0,12.0,15.0,18.0,15.0
284,16.0,13.0,17.0,16.0,18.0
285,20.0,20.0,12.0,11.0,18.0
286,15.0,14.0,17.0,16.0,15.0
287,13.0,13.0,15.0,16.0,11.0
288,15.0,15.0,18.0,16.0,17.0
289,14.0,13.0,11.0,13.0,12.0
290,17.0,16.0,15.0,20.0,17.0
291,19.0,18.0,11.0,13.0,13.0
292,12.0,10.0,13.0,11.0,14.0
293,16.0,16.0,19.0,17.0,17.0
294,11.0,9.0,15.0,16.0,16.0
295,13.0,11.0,16.0,15.0,15.0
296,12.0,12.0,17.0,16.0,11.0
297,8.0,9.0,13.0,11.0,19.0
298,19.0,20.0,15.0,16.0,19.0
299,14.0,14.0,20.0,20.0,18.0
300,11.0,10.0,14.0,14.0,17.0
301,16.0,17.0,15.0,15.0,13.0
302,16.0,14.0,13.0,9.0,15.0
303,16.0,18.0,17.0,15.0,16.0
304,13.0,12.0,18.0,17.0,18.0
305,17.0,15.0,20.0,20.0,15.0
306,10.0,9.0,12.0,12.0,12.0
307,20.0,15.0,12.0,9.0,15.0
308,18.0,17.0,19.0,17.0,14.0
309,10.0,11.0,13.0,15.0,13.0
310,14.0,12.0,13.0,12.0,17.0
311,15.0,14.0,14.0,17.0,19.0
312,12.0,11.0,9.0,12.0,20.0
313,15.0,13.0,16.0,12.0,14.0
314,9.0,9.0,16.0,13.0,14.0
315,11.0,9.0,14.0,12.0,10.0
316,16.0,15.0,15.0,15.0,19.0
317,13.0,12.0,16.0,15.0,17.0
318,12.0,7.0,8.0,9.0,8.0
319,18.0,16.0,15.0,14.0,10.0
320,17.0,16.0,16.0,14.0,18.0
321,17.0,15.0,14.0,14.0,10.0
322,12.0,10.0,12.0,12.0,10.0
323,7.0,9.0,20.0,20.0,20.0
324,10.0,11.0,14.0,12.0,11.0
325,11.0,11.0,17.0,17.0,13.0
326,11.0,10.0,12.0,14.0,16.0
327,14.0,11.0,10.0,14.0,12.0
328,18.0,15.0,15.0,16.0,17.0
329,11.0,14.0,14.0,17.0,13.0
330,13.0,13.0,16.0,16.0,16.0
331,14.0,15.0,16.0,14.0,12.0
332,10.0,11.0,15.0,15.0,20.0
333,12.0,11.0,11.0,13.0,15.0
334,12.0,14.0,13.0,12.0,15.0
335,18.0,16.0,16.0,17.0,13.0
336,14.0,11.0,13.0,14.0,18.0
337,11.0,10.0,16.0,17.0,15.0
338,12.0,11.0,17.0,14.0,13.0
339,8.0,7.0,15.0,17.0,18.0
340,14.0,14.0,15.0,17.0,15.0
341,17.0,15.0,17.0,16.0,11.0
342,12.0,10.0,13.0,15.0,20.0
343,15.0,14.0,14.0,15.0,15.0
344,13.0,11.0,15.0,16.0,13.0
345,10.0,12.0,16.0,17.0,14.0
346,13.0,13.0,13.0,13.0,14.0
347,14.0,15.0,7.0,9.0,14.0
348,15.0,12.0,13.0,15.0,14.0
349,15.0,15.0,16.0,17.0,16.0
350,20.0,19.0,11.0,6.0,14.0
351,10.0,12.0,16.0,19.0,14.0
352,12.0,11.0,20.0,17.0,18.0
353,20.0,19.0,15.0,15.0,18.0
354,18.0,16.0,16.0,16.0,19.0
355,16.0,14.0,11.0,10.0,12.0
356,16.0,15.0,9.0,10.0,17.0
357,15.0,16.0,9.0,10.0,14.0
358,18.0,17.0,10.0,10.0,13.0
359,15.0,13.0,10.0,12.0,15.0
360,11.0,8.0,18.0,16.0,19.0
361,17.0,17.0,13.0,10.0,12.0
362,16.0,14.0,14.0,15.0,11.0
363,12.0,9.0,9.0,8.0,12.0
364,14.0,13.0,14.0,13.0,16.0
365,11.0,10.0,15.0,15.0,11.0
366,14.0,12.0,17.0,17.0,14.0
367,11.0,10.0,13.0,13.0,14.0
368,10.0,9.0,10.0,11.0,13.0
369,18.0,17.0,12.0,14.0,18.0
370,18.0,18.0,13.0,15.0,20.0
371,18.0,17.0,14.0,14.0,17.0
372,15.0,16.0,17.0,14.0,14.0
373,20.0,18.0,14.0,11.0,12.0
374,15.0,15.0,10.0,12.0,14.0
375,10.0,9.0,17.0,15.0,17.0
376,15.0,14.0,17.0,17.0,20.0
377,12.0,11.0,14.0,13.0,13.0
378,13.0,12.0,15.0,15.0,17.0
379,15.0,13.0,14.0,15.0,10.0
380,12.0,11.0,16.0,16.0,12.0
381,9.0,9.0,13.0,11.0,16.0
382,17.0,13.0,20.0,20.0,19.0
383,14.0,12.0,11.0,11.0,15.0
384,18.0,19.0,10.0,10.0,16.0
385,9.0,11.0,7.0,9.0,11.0
386,16.0,18.0,12.0,11.0,15.0
387,18.0,16.0,11.0,12.0,12.0
388,12.0,12.0,15.0,14.0,14.0
389,16.0,14.0,13.0,15.0,15.0
390,20.0,18.0,12.0,10.0,17.0
391,7.0,7.0,16.0,18.0,6.0
392,14.0,14.0,14.0,15.0,14.0
393,13.0,13.0,14.0,14.0,15.0
394,7.0,6.0,12.0,12.0,10.0
395,17.0,17.0,17.0,15.0,14.0
396,12.0,12.0,9.0,10.0,13.0
397,14.0,14.0,17.0,16.0,16.0
398,14.0,14.0,17.0,19.0,14.0
399,12.0,10.0,15.0,16.0,19.0
400,16.0,12.0,12.0,11.0,16.0
401,13.0,13.0,13.0,14.0,17.0
402,15.0,15.0,10.0,8.0,14.0
403,14.0,11.0,10.0,12.0,19.0
404,17.0,12.0,17.0,14.0,12.0
405,18.0,16.0,18.0,18.0,15.0
406,10.0,10.0,14.0,15.0,13.0
407,10.0,7.0,20.0,20.0,20.0
408,15.0,13.0,11.0,12.0,15.0
409,12.0,11.0,17.0,16.0,17.0
410,11.0,9.0,14.0,14.0,16.0
411,15.0,14.0,12.0,12.0,11.0
412,12.0,12.0,16.0,16.0,15.0
413,9.0,10.0,8.0,10.0,11.0
414,15.0,13.0,18.0,18.0,18.0
415,16.0,15.0,16.0,15.0,13.0
416,15.0,13.0,15.0,11.0,20.0
417,14.0,15.0,11.0,10.0,13.0
418,13.0,14.0,17.0,15.0,14.0
419,15.0,15.0,15.0,12.0,19.0
420,12.0,9.0,12.0,14.0,16.0
421,8.0,9.0,17.0,17.0,14.0
422,14.0,14.0,14.0,12.0,14.0
423,14.0,13.0,14.0,9.0,17.0
424,11.0,10.0,20.0,20.0,19.0
425,10.0,10.0,14.0,15.0,11.0
426,14.0,12.0,15.0,16.0,14.0
427,17.0,14.0,16.0,13.0,11.0
428,14.0,13.0,14.0,15.0,15.0
429,9.0,6.0,14.0,14.0,17.0
430,19.0,16.0,16.0,16.0,17.0
431,14.0,14.0,11.0,13.0,14.0
432,16.0,17.0,11.0,13.0,13.0
433,14.0,13.0,10.0,9.0,16.0
434,12.0,10.0,15.0,16.0,17.0
435,7.0,6.0,14.0,19.0,15.0
436,15.0,11.0,12.0,14.0,14.0
437,7.0,8.0,15.0,15.0,16.0
438,18.0,18.0,15.0,11.0,9.0
439,16.0,15.0,14.0,12.0,15.0
440,11.0,9.0,19.0,17.0,15.0
441,16.0,15.0,18.0,17.0,17.0
442,18.0,16.0,14.0,12.0,12.0
443,13.0,11.0,12.0,16.0,15.0
444,14.0,12.0,13.0,13.0,12.0
445,13.0,14.0,20.0,17.0,20.0
446,18.0,14.0,11.0,13.0,20.0
447,12.0,12.0,15.0,15.0,18.0
448,14.0,16.0,19.0,15.0,11.0
449,11.0,11.0,12.0,12.0,17.0
450,18.0,15.0,14.0,15.0,20.0
451,15.0,14.0,18.0,13.0,18.0
452,14.0,14.0,18.0,16.0,13.0
453,8.0,7.0,15.0,14.0,13.0
454,13.0,10.0,13.0,14.0,16.0
455,17.0,16.0,11.0,12.0,17.0
456,17.0,15.0,12.0,9.0,9.0
457,14.0,15.0,16.0,15.0,17.0
458,13.0,11.0,20.0,19.0,19.0
459,15.0,12.0,17.0,18.0,13.0
460,8.0,10.0,14.0,15.0,16.0
461,8.0,9.0,20.0,20.0,20.0
462,18.0,18.0,16.0,16.0,17.0
463,16.0,13.0,16.0,15.0,18.0
464,15.0,14.0,15.0,18.0,15.0
465,10.0,10.0,13.0,14.0,15.0
466,14.0,14.0,12.0,12.0,18.0
467,14.0,13.0,16.0,16.0,16.0
468,15.0,11.0,17.0,16.0,15.0
469,11.0,10.0,14.0,16.0,18.0
470,12.0,13.0,19.0,17.0,16.0
471,12.0,12.0,16.0,12.0,15.0
472,13.0,11.0,7.0,10.0,15.0
473,9.0,10.0,15.0,14.0,20.0
474,12.0,13.0,13.0,13.0,14.0
475,10.0,9.0,15.0,15.0,20.0
476,14.0,13.0,11.0,11.0,11.0
477,14.0,14.0,10.0,12.0,16.0
478,16.0,14.0,8.0,7.0,15.0
479,15.0,13.0,9.0,9.0,14.0
480,15.0,16.0,12.0,12.0,16.0
481,10.0,7.0,15.0,17.0,13.0
482,15.0,15.0,17.0,16.0,20.0
483,16.0,13.0,15.0,16.0,15.0
484,15.0,12.0,18.0,18.0,19.0
485,14.0,13.0,15.0,17.0,17.0
486,11.0,10.0,14.0,14.0,14.0
487,16.0,12.0,14.0,13.0,12.0
488,14.0,12.0,17.0,20.0,20.0
489,14.0,13.0,15.0,14.0,16.0
490,14.0,13.0,12.0,10.0,13.0
491,10.0,10.0,16.0,17.0,15.0
492,15.0,15.0,17.0,14.0,15.0
493,11.0,10.0,14.0,16.0,15.0
494,16.0,16.0,20.0,18.0,20.0
495,12.0,12.0,18.0,15.0,12.0
496,20.0,18.0,18.0,16.0,12.0
497,13.0,9.0,15.0,15.0,16.0
498,13.0,11.0,11.0,14.0,15.0
499,12.0,11.0,14.0,16.0,16.0
500,16.0,13.0,17.0,16.0,18.0
501,20.0,20.0,19.0,16.0,15.0
502,14.0,13.0,17.0,16.0,15.0
503,14.0,11.0,13.0,13.0,20.0
504,19.0,20.0,19.0,19.0,19.0
505,15.0,12.0,14.0,18.0,15.0
506,11.0,10.0,15.0,13.0,13.0
507,17.0,16.0,17.0,14.0,14.0
508,11.0,13.0,11.0,10.0,13.0
509,9.0,11.0,11.0,14.0,15.0
510,14.0,12.0,10.0,10.0,5.0
511,7.0,7.0,11.0,12.0,12.0
512,17.0,14.0,11.0,11.0,16.0
513,13.0,12.0,12.0,13.0,11.0
514,9.0,12.0,12.0,12.0,14.0
515,18.0,20.0,15.0,15.0,13.0
516,13.0,14.0,14.0,17.0,16.0
517,12.0,11.0,12.0,10.0,13.0
518,10.0,10.0,16.0,16.0,16.0
519,18.0,15.0,8.0,9.0,10.0
520,19.0,17.0,12.0,9.0,15.0
521,12.0,12.0,9.0,12.0,19.0
522,10.0,10.0,14.0,14.0,15.0
523,10.0,11.0,14.0,15.0,15.0
524,14.0,14.0,15.0,18.0,17.0
525,19.0,17.0,15.0,14.0,14.0
526,13.0,15.0,15.0,16.0,16.0
527,12.0,12.0,18.0,17.0,14.0
528,10.0,8.0,17.0,17.0,19.0
529,14.0,14.0,10.0,11.0,17.0
530,20.0,17.0,14.0,15.0,15.0
531,10.0,10.0,15.0,15.0,12.0
532,14.0,14.0,12.0,10.0,11.0
533,18.0,17.0,10.0,12.0,17.0
534,17.0,15.0,14.0,13.0,14.0
535,19.0,17.0,9.0,9.0,17.0
536,12.0,11.0,14.0,16.0,16.0
537,14.0,13.0,13.0,15.0,20.0
538,15.0,15.0,12.0,11.0,13.0
539,12.0,13.0,16.0,18.0,20.0
540,16.0,15.0,17.0,19.0,12.0
541,11.0,13.0,17.0,16.0,17.0
542,19.0,18.0,16.0,13.0,15.0
543,20.0,18.0,12.0,10.0,11.0
544,8.0,10.0,15.0,18.0,19.0
545,17.0,15.0,18.0,16.0,13.0
546,14.0,16.0,20.0,19.0,18.0
547,14.0,14.0,11.0,14.0,13.0
548,16.0,11.0,15.0,16.0,16.0
549,15.0,14.0,12.0,13.0,18.0
550,14.0,13.0,19.0,20.0,20.0
551,15.0,14.0,14.0,12.0,17.0
552,11.0,11.0,16.0,14.0,13.0
553,12.0,11.0,17.0,16.0,15.0
554,13.0,11.0,14.0,11.0,14.0
555,14.0,13.0,13.0,13.0,15.0
556,11.0,9.0,15.0,13.0,18.0
557,13.0,12.0,11.0,11.0,17.0
558,12.0,11.0,15.0,13.0,16.0
559,16.0,15.0,11.0,11.0,19.0
560,19.0,18.0,19.0,18.0,18.0
561,18.0,15.0,9.0,10.0,14.0
562,12.0,14.0,15.0,14.0,10.0
563,15.0,11.0,16.0,17.0,16.0
564,16.0,15.0,16.0,13.0,16.0
565,13.0,12.0,18.0,20.0,19.0
566,16.0,14.0,11.0,10.0,8.0
567,19.0,18.0,16.0,19.0,13.0
568,10.0,10.0,15.0,13.0,10.0
569,15.0,13.0,11.0,9.0,15.0
570,16.0,16.0,13.0,13.0,18.0
571,13.0,13.0,11.0,13.0,14.0
572,16.0,15.0,12.0,13.0,18.0
573,12.0,12.0,11.0,12.0,15.0
574,16.0,14.0,12.0,11.0,20.0
575,14.0,12.0,10.0,10.0,14.0
576,16.0,10.0,6.0,6.0,10.0
577,14.0,13.0,14.0,13.0,10.0
578,9.0,9.0,12.0,12.0,10.0
579,2.0,2.0,20.0,20.0,13.0
580,14.0,11.0,12.0,13.0,16.0
581,11.0,11.0,14.0,14.0,18.0
582,15.0,15.0,12.0,13.0,17.0
583,9.0,10.0,18.0,19.0,16.0
584,17.0,16.0,13.0,13.0,16.0
585,13.0,13.0,13.0,16.0,14.0
586,11.0,11.0,13.0,16.0,18.0
587,10.0,9.0,17.0,15.0,17.0
588,11.0,11.0,16.0,16.0,14.0
589,17.0,13.0,9.0,9.0,20.0
590,14.0,12.0,17.0,20.0,16.0
591,13.0,11.0,17.0,20.0,19.0
592,13.0,14.0,12.0,10.0,14.0
593,15.0,14.0,15.0,12.0,17.0
594,17.0,17.0,7.0,10.0,16.0
595,16.0,15.0,14.0,16.0,19.0
596,17.0,14.0,17.0,17.0,15.0
597,14.0,16.0,13.0,11.0,13.0
598,13.0,11.0,18.0,18.0,18.0
599,14.0,13.0,13.0,14.0,19.0
600,16.0,15.0,7.0,10.0,12.0
601,18.0,16.0,9.0,11.0,18.0
602,17.0,15.0,16.0,13.0,20.0
603,8.0,8.0,11.0,11.0,20.0
604,12.0,8.0,14.0,17.0,17.0
605,15.0,14.0,14.0,13.0,14.0
606,18.0,16.0,10.0,7.0,10.0
607,12.0,11.0,16.0,14.0,15.0
608,13.0,13.0,15.0,15.0,17.0
609,20.0,20.0,11.0,11.0,15.0
610,14.0,15.0,11.0,9.0,13.0
611,15.0,13.0,13.0,10.0,13.0
612,14.0,11.0,15.0,14.0,15.0
613,17.0,17.0,17.0,17.0,18.0
614,20.0,18.0,12.0,15.0,15.0
615,12.0,11.0,19.0,20.0,17.0
616,12.0,10.0,16.0,14.0,20.0
617,13.0,13.0,18.0,14.0,13.0
618,20.0,17.0,11.0,11.0,14.0
619,13.0,13.0,19.0,19.0,17.0
620,18.0,16.0,15.0,16.0,11.0
621,12.0,9.0,13.0,14.0,12.0
622,15.0,15.0,12.0,9.0,14.0
623,12.0,13.0,12.0,15.0,17.0
624,14.0,13.0,13.0,12.0,12.0
625,9.0,8.0,14.0,14.0,10.0
626,14.0,13.0,10.0,14.0,19.0
627,15.0,14.0,15.0,16.0,19.0
628,7.0,7.0,13.0,12.0,13.0
629,12.0,10.0,13.0,13.0,16.0
630,12.0,9.0,12.0,13.0,20.0
631,15.0,14.0,8.0,10.0,11.0
632,17.0,14.0,14.0,12.0,16.0
633,17.0,15.0,10.0,9.0,12.0
634,18.0,15.0,11.0,12.0,18.0
635,12.0,12.0,9.0,11.0,13.0
636,13.0,11.0,16.0,16.0,20.0
637,8.0,10.0,15.0,17.0,13.0
638,18.0,15.0,17.0,15.0,10.0
639,19.0,18.0,9.0,9.0,18.0
640,15.0,13.0,14.0,16.0,15.0
641,14.0,13.0,12.0,13.0,11.0
642,9.0,9.0,15.0,18.0,11.0
643,6.0,7.0,15.0,15.0,16.0
644,18.0,17.0,14.0,14.0,11.0
645,15.0,13.0,12.0,12.0,9.0
646,11.0,8.0,7.0,11.0,14.0
647,15.0,15.0,14.0,15.0,20.0
648,20.0,18.0,15.0,18.0,20.0
649,15.0,11.0,15.0,16.0,18.0
650,13.0,13.0,15.0,17.0,15.0
651,11.0,12.0,11.0,14.0,16.0
652,14.0,14.0,11.0,14.0,17.0
653,8.0,8.0,16.0,17.0,17.0
654,13.0,11.0,13.0,14.0,11.0
655,13.0,13.0,18.0,19.0,18.0
656,16.0,13.0,9.0,11.0,19.0
657,10.0,9.0,17.0,16.0,17.0
658,7.0,5.0,15.0,15.0,10.0
659,19.0,19.0,14.0,12.0,19.0
660,11.0,11.0,15.0,13.0,14.0
661,13.0,12.0,16.0,19.0,16.0
662,18.0,16.0,16.0,13.0,9.0
663,11.0,14.0,12.0,15.0,18.0
664,11.0,11.0,11.0,12.0,18.0
665,12.0,13.0,15.0,14.0,17.0
666,8.0,10.0,15.0,16.0,10.0
667,13.0,14.0,9.0,9.0,12.0
668,13.0,10.0,13.0,16.0,18.0
669,11.0,10.0,18.0,19.0,13.0
670,15.0,13.0,13.0,13.0,13.0
671,15.0,12.0,11.0,12.0,20.0
672,13.0,11.0,9.0,6.0,16.0
673,9.0,9.0,17.0,18.0,16.0
674,13.0,10.0,12.0,15.0,9.0
675,16.0,13.0,10.0,11.0,16.0
676,11.0,12.0,19.0,20.0,19.0
677,13.0,12.0,11.0,12.0,13.0
678,14.0,16.0,10.0,9.0,12.0
679,19.0,17.0,11.0,15.0,10.0
680,14.0,14.0,16.0,16.0,16.0
681,19.0,20.0,10.0,9.0,12.0
682,15.0,14.0,15.0,13.0,9.0
683,16.0,15.0,16.0,14.0,16.0
684,16.0,13.0,13.0,13.0,13.0
685,12.0,13.0,18.0,18.0,13.0
686,14.0,17.0,17.0,17.0,16.0
687,13.0,12.0,16.0,15.0,20.0
688,12.0,12.0,12.0,15.0,14.0
689,16.0,14.0,11.0,10.0,15.0
690,14.0,9.0,12.0,10.0,13.0
691,13.0,11.0,19.0,20.0,20.0
692,15.0,14.0,19.0,20.0,20.0
693,16.0,14.0,11.0,10.0,12.0
694,14.0,12.0,15.0,13.0,15.0
695,17.0,18.0,9.0,12.0,20.0
696,10.0,7.0,10.0,9.0,12.0
697,19.0,16.0,17.0,15.0,15.0
698,14.0,14.0,14.0,13.0,13.0
699,12.0,11.0,19.0,19.0,19.0
700,11.0,9.0,16.0,16.0,15.0
701,18.0,16.0,11.0,12.0,14.0
702,10.0,10.0,19.0,15.0,11.0
703,13.0,9.0,13.0,16.0,13.0
704,8.0,6.0,9.0,12.0,14.0
705,17.0,15.0,16.0,11.0,8.0
706,13.0,16.0,20.0,19.0,20.0
707,12.0,11.0,17.0,18.0,20.0
708,16.0,17.0,19.0,16.0,16.0
709,15.0,14.0,18.0,16.0,13.0
710,13.0,10.0,9.0,13.0,11.0
711,16.0,13.0,15.0,15.0,16.0
712,11.0,11.0,10.0,13.0,19.0
713,14.0,14.0,15.0,16.0,13.0
714,18.0,15.0,15.0,16.0,16.0
715,12.0,10.0,14.0,12.0,16.0
716,13.0,13.0,20.0,20.0,15.0
717,15.0,13.0,8.0,10.0,14.0
718,13.0,14.0,20.0,18.0,12.0
719,10.0,9.0,16.0,16.0,13.0
720,14.0,14.0,14.0,13.0,8.0
721,14.0,13.0,14.0,11.0,10.0
722,14.0,14.0,14.0,14.0,16.0
723,10.0,10.0,13.0,15.0,15.0
724,16.0,17.0,9.0,10.0,19.0
725,15.0,13.0,13.0,10.0,11.0
726,11.0,11.0,13.0,15.0,15.0
727,13.0,12.0,15.0,14.0,14.0
728,15.0,13.0,12.0,12.0,17.0
729,17.0,15.0,12.0,13.0,13.0
730,14.0,14.0,17.0,15.0,15.0
731,11.0,13.0,12.0,13.0,20.0
732,12.0,13.0,12.0,13.0,13.0
733,18.0,17.0,13.0,12.0,13.0
734,14.0,13.0,15.0,17.0,20.0
735,14.0,13.0,13.0,15.0,15.0
736,15.0,15.0,10.0,12.0,12.0
737,20.0,20.0,15.0,17.0,17.0
738,14.0,15.0,16.0,18.0,14.0
739,14.0,12.0,12.0,14.0,13.0
740,15.0,14.0,18.0,17.0,20.0
741,13.0,12.0,15.0,15.0,11.0
742,13.0,14.0,12.0,7.0,11.0
743,20.0,20.0,20.0,20.0,14.0
744,16.0,14.0,18.0,16.0,20.0
745,16.0,12.0,18.0,16.0,14.0
746,10.0,10.0,12.0,13.0,20.0
747,14.0,11.0,13.0,13.0,15.0
748,17.0,15.0,14.0,14.0,14.0
749,11.0,8.0,10.0,12.0,11.0
750,17.0,15.0,15.0,14.0,12.0
751,19.0,17.0,12.0,12.0,8.0
752,13.0,12.0,13.0,15.0,17.0
753,13.0,11.0,14.0,14.0,10.0
754,12.0,9.0,15.0,14.0,18.0
755,9.0,8.0,13.0,9.0,16.0
756,13.0,13.0,13.0,11.0,17.0
757,15.0,15.0,12.0,13.0,17.0
758,12.0,11.0,15.0,15.0,15.0
759,15.0,13.0,14.0,12.0,14.0
760,14.0,11.0,8.0,8.0,14.0
761,12.0,12.0,12.0,14.0,20.0
762,18.0,14.0,12.0,12.0,16.0
763,18.0,15.0,10.0,9.0,12.0
764,16.0,14.0,13.0,14.0,15.0
765,9.0,9.0,14.0,17.0,13.0
766,14.0,12.0,15.0,12.0,12.0
767,18.0,16.0,16.0,14.0,15.0
768,13.0,14.0,14.0,11.0,11.0
769,15.0,13.0,17.0,17.0,19.0
770,17.0,15.0,16.0,13.0,12.0
771,12.0,10.0,13.0,11.0,11.0
772,13.0,12.0,12.0,12.0,13.0
773,16.0,16.0,15.0,14.0,10.0
774,17.0,15.0,12.0,9.0,16.0
775,14.0,13.0,19.0,17.0,18.0
776,13.0,12.0,14.0,13.0,20.0
777,8.0,8.0,12.0,12.0,13.0
778,14.0,12.0,17.0,14.0,19.0
779,15.0,15.0,18.0,19.0,17.0
780,14.0,15.0,15.0,13.0,10.0
781,18.0,15.0,13.0,15.0,20.0
782,18.0,15.0,13.0,11.0,11.0
783,14.0,13.0,13.0,15.0,13.0
784,11.0,10.0,19.0,17.0,19.0
785,17.0,16.0,16.0,14.0,15.0
786,16.0,15.0,18.0,19.0,16.0
787,16.0,14.0,15.0,15.0,20.0
788,16.0,14.0,18.0,14.0,19.0
789,14.0,12.0,17.0,17.0,16.0
790,12.0,11.0,16.0,16.0,9.0
791,15.0,14.0,11.0,13.0,15.0
792,20.0,18.0,14.0,16.0,17.0
793,13.0,13.0,11.0,16.0,20.0
794,12.0,12.0,12.0,12.0,12.0
795,16.0,13.0,16.0,17.0,12.0
796,15.0,15.0,20.0,20.0,12.0
797,20.0,17.0,8.0,11.0,14.0
798,17.0,13.0,7.0,9.0,17.0
799,9.0,9.0,9.0,12.0,13.0
800,17.0,14.0,12.0,12.0,14.0
801,7.0,7.0,11.0,11.0,13.0
802,11.0,10.0,11.0,11.0,15.0
803,14.0,13.0,13.0,12.0,12.0
804,7.0,5.0,14.0,16.0,20.0
805,12.0,12.0,10.0,13.0,14.0
806,9.0,8.0,15.0,10.0,17.0
807,14.0,12.0,16.0,17.0,18.0
808,14.0,14.0,13.0,15.0,20.0
809,17.0,16.0,17.0,16.0,9.0
810,17.0,14.0,13.0,13.0,13.0
811,17.0,16.0,16.0,18.0,16.0
812,14.0,11.0,15.0,16.0,19.0
813,15.0,15.0,14.0,12.0,14.0
814,11.0,10.0,13.0,13.0,19.0
815,13.0,11.0,12.0,12.0,20.0
816,11.0,12.0,18.0,14.0,11.0
817,17.0,15.0,14.0,16.0,16.0
818,18.0,19.0,13.0,14.0,16.0
819,17.0,16.0,12.0,12.0,16.0
820,16.0,14.0,11.0,11.0,8.0
821,13.0,13.0,16.0,15.0,12.0
822,9.0,11.0,18.0,15.0,12.0
823,15.0,12.0,11.0,11.0,19.0
824,15.0,14.0,13.0,13.0,12.0
825,14.0,15.0,13.0,11.0,8.0
826,15.0,14.0,13.0,16.0,12.0
827,15.0,14.0,13.0,14.0,13.0
828,17.0,14.0,18.0,18.0,17.0
829,20.0,19.0,10.0,8.0,12.0
830,16.0,16.0,16.0,15.0,16.0
831,15.0,14.0,14.0,13.0,17.0
832,15.0,14.0,16.0,13.0,17.0
833,12.0,10.0,14.0,16.0,16.0
834,17.0,15.0,11.0,9.0,14.0
835,13.0,12.0,14.0,17.0,15.0
836,12.0,11.0,14.0,13.0,17.0
837,18.0,17.0,18.0,17.0,20.0
838,15.0,11.0,19.0,14.0,13.0
839,16.0,16.0,16.0,10.0,20.0
840,11.0,10.0,13.0,11.0,16.0
841,16.0,13.0,11.0,10.0,20.0
842,13.0,13.0,15.0,12.0,12.0
843,18.0,14.0,17.0,18.0,20.0
844,20.0,18.0,9.0,11.0,13.0
845,17.0,16.0,18.0,18.0,17.0
846,20.0,17.0,12.0,12.0,16.0
847,19.0,18.0,12.0,14.0,16.0
848,20.0,18.0,10.0,11.0,15.0
849,18.0,17.0,13.0,13.0,8.0
850,12.0,12.0,18.0,16.0,16.0
851,11.0,9.0,17.0,16.0,12.0
852,12.0,11.0,17.0,16.0,14.0
853,13.0,13.0,14.0,13.0,20.0
854,14.0,10.0,13.0,11.0,17.0
855,13.0,12.0,12.0,12.0,16.0
856,7.0,6.0,16.0,19.0,13.0
857,12.0,12.0,12.0,15.0,14.0
858,11.0,12.0,13.0,13.0,19.0
859,15.0,13.0,11.0,8.0,11.0
860,13.0,10.0,10.0,11.0,15.0
861,16.0,14.0,11.0,10.0,10.0
862,11.0,9.0,12.0,12.0,11.0
863,10.0,9.0,16.0,16.0,12.0
864,14.0,13.0,16.0,14.0,12.0
865,11.0,10.0,15.0,18.0,13.0
866,10.0,10.0,14.0,15.0,12.0
867,12.0,11.0,13.0,9.0,11.0
868,13.0,12.0,17.0,19.0,12.0
869,14.0,12.0,13.0,12.0,19.0
870,18.0,17.0,11.0,8.0,13.0
871,13.0,13.0,15.0,16.0,17.0
872,12.0,10.0,13.0,15.0,13.0
873,8.0,8.0,18.0,18.0,17.0
874,15.0,15.0,8.0,8.0,15.0
875,9.0,7.0,14.0,14.0,7.0
876,14.0,12.0,14.0,14.0,17.0
877,13.0,12.0,11.0,11.0,17.0
878,14.0,14.0,17.0,16.0,16.0
879,14.0,14.0,8.0,10.0,14.0
880,15.0,14.0,15.0,16.0,19.0
881,11.0,12.0,15.0,16.0,17.0
882,15.0,14.0,14.0,9.0,17.0
883,14.0,10.0,14.0,14.0,20.0
884,10.0,8.0,16.0,18.0,12.0
885,17.0,15.0,11.0,11.0,16.0
886,13.0,11.0,8.0,6.0,9.0
887,15.0,14.0,17.0,17.0,18.0
888,19.0,15.0,12.0,12.0,12.0
889,13.0,14.0,11.0,12.0,12.0
890,13.0,14.0,13.0,13.0,11.0
891,10.0,10.0,13.0,10.0,17.0
892,16.0,15.0,19.0,20.0,17.0
893,18.0,17.0,13.0,13.0,14.0
894,16.0,16.0,17.0,18.0,14.0
895,11.0,12.0,17.0,14.0,13.0
896,17.0,15.0,11.0,11.0,16.0
897,18.0,17.0,10.0,11.0,15.0
898,10.0,11.0,13.0,13.0,16.0
899,10.0,8.0,20.0,16.0,14.0
900,13.0,11.0,8.0,9.0,16.0
901,15.0,14.0,15.0,17.0,16.0
902,19.0,17.0,13.0,11.0,17.0
903,16.0,13.0,12.0,12.0,12.0
904,17.0,17.0,13.0,17.0,15.0
905,9.0,8.0,15.0,15.0,13.0
906,15.0,15.0,17.0,15.0,15.0
907,15.0,15.0,13.0,12.0,15.0
908,20.0,19.0,13.0,12.0,20.0
909,13.0,12.0,15.0,16.0,16.0
910,13.0,12.0,20.0,18.0,16.0
911,12.0,12.0,13.0,12.0,12.0
912,19.0,19.0,13.0,13.0,18.0
913,17.0,15.0,11.0,14.0,18.0
914,15.0,13.0,14.0,12.0,12.0
915,12.0,12.0,15.0,13.0,9.0
916,12.0,10.0,12.0,14.0,14.0
917,15.0,12.0,19.0,19.0,16.0
918,16.0,15.0,16.0,11.0,13.0
919,12.0,13.0,15.0,15.0,12.0
920,18.0,15.0,15.0,17.0,12.0
921,14.0,12.0,13.0,14.0,13.0
922,10.0,9.0,14.0,12.0,9.0
923,17.0,15.0,12.0,13.0,20.0
924,18.0,17.0,14.0,15.0,19.0
925,10.0,9.0,14.0,16.0,17.0
926,17.0,14.0,10.0,11.0,11.0
927,20.0,17.0,10.0,5.0,15.0
928,12.0,12.0,14.0,17.0,17.0
929,8.0,7.0,17.0,14.0,15.0
930,15.0,15.0,14.0,15.0,15.0
931,9.0,8.0,17.0,18.0,20.0
932,10.0,10.0,16.0,16.0,18.0
933,13.0,12.0,16.0,13.0,10.0
934,9.0,9.0,15.0,13.0,12.0
935,17.0,17.0,13.0,14.0,12.0
936,14.0,12.0,15.0,13.0,10.0
937,11.0,10.0,15.0,12.0,17.0
938,15.0,14.0,15.0,15.0,13.0
939,16.0,14.0,16.0,15.0,12.0
940,13.0,12.0,10.0,11.0,10.0
941,17.0,16.0,14.0,16.0,18.0
942,17.0,15.0,14.0,14.0,14.0
943,19.0,18.0,18.0,19.0,15.0
944,13.0,12.0,17.0,17.0,17.0
945,20.0,19.0,6.0,8.0,12.0
946,16.0,15.0,10.0,11.0,16.0
947,10.0,10.0,16.0,14.0,15.0
948,13.0,14.0,15.0,16.0,16.0
949,15.0,14.0,13.0,12.0,18.0
950,12.0,10.0,16.0,16.0,17.0
951,10.0,10.0,15.0,13.0,10.0
952,19.0,16.0,13.0,13.0,13.0
953,10.0,11.0,12.0,14.0,14.0
954,14.0,9.0,14.0,13.0,12.0
955,15.0,10.0,18.0,16.0,13.0
956,12.0,15.0,14.0,13.0,20.0
957,16.0,15.0,16.0,12.0,18.0
958,14.0,13.0,13.0,13.0,14.0
959,17.0,16.0,12.0,8.0,19.0
960,13.0,11.0,14.0,13.0,19.0
961,16.0,14.0,9.0,11.0,10.0
962,8.0,8.0,14.0,13.0,12.0
963,17.0,16.0,14.0,15.0,19.0
964,14.0,13.0,13.0,13.0,17.0
965,15.0,12.0,15.0,16.0,13.0
966,11.0,8.0,14.0,15.0,13.0
967,13.0,11.0,11.0,14.0,16.0
968,15.0,16.0,13.0,13.0,12.0
969,8.0,8.0,12.0,11.0,14.0
970,20.0,20.0,13.0,12.0,14.0
971,11.0,11.0,20.0,20.0,17.0
972,13.0,12.0,13.0,10.0,15.0
973,18.0,16.0,11.0,10.0,13.0
974,11.0,10.0,20.0,20.0,20.0
975,13.0,13.0,11.0,9.0,11.0
976,14.0,14.0,16.0,18.0,20.0
977,13.0,13.0,14.0,13.0,9.0
978,14.0,11.0,10.0,10.0,14.0
979,10.0,10.0,10.0,11.0,15.0
980,12.0,12.0,11.0,10.0,16.0
981,11.0,9.0,14.0,15.0,18.0
982,19.0,16.0,16.0,16.0,14.0
983,15.0,16.0,14.0,17.0,18.0
984,11.0,11.0,17.0,20.0,16.0
985,14.0,13.0,14.0,11.0,13.0
986,8.0,7.0,14.0,16.0,9.0
987,14.0,11.0,16.0,17.0,13.0
988,11.0,13.0,16.0,14.0,15.0
989,10.0,10.0,14.0,14.0,19.0
990,16.0,16.0,16.0,18.0,15.0
991,16.0,16.0,12.0,11.0,10.0
992,13.0,11.0,12.0,12.0,13.0
993,12.0,13.0,14.0,13.0,11.0
994,11.0,9.0,18.0,15.0,20.0
995,20.0,17.0,13.0,13.0,15.0
996,18.0,17.0,13.0,13.0,14.0
997,9.0,11.0,17.0,18.0,17.0
998,20.0,18.0,10.0,11.0,13.0
999,17.0,15.0,18.0,18.0,8.0
